BrandName,Category,Individual_category,Description,discount_price,original_price,discount,SizeOption,ratings,reviews
HRX by Hrithik Roshan,Sports Wear,track-pants,hrx by hrithik roshan men olive green camo athleisure track pants,759,1899,60%,"S, M, L, XL, XXL",4,988
Roadster,Topwear,shirts,roadster men sea green pure cotton sustainable casual shirt,599,1199,50%,"38, 40, 42, 44, 46, 48",4.3,988
Roadster,Bottom Wear,jeans,roadster men navy blue super skinny fit acid wash clean look stretchable jeans,799,1999,60%,"28, 30, 32, 34, 36, 38, 40",3.8,987
HRX by Hrithik Roshan,Inner Wear &  Sleep Wear,socks,hrx by hrithik roshan men quarter length pack of 3 terry socks,359,599,40%,Onesize,4.5,987
Moda Rapido,Topwear,tshirts,moda rapido men olive green  yellow striped cotton pure cotton t shirt,479,1199,60%,"S, M, L, XL",4.2,987
Moda Rapido,Topwear,tshirts,moda rapido men olive green printed round neck pure cotton t shirt,399,999,60%,"S, M, L, XL",4,987
Roadster,Bottom Wear,jeans,roadster men blue slim fit mid rise mildly distressed stretchable jeans,989,2199,55%,"28, 30, 32, 34, 36",3.7,986
HIGHLANDER,Topwear,shirts,highlander men black  white slim fit striped casual shirt,493,1049,53%,"39, 40, 42, 44",4.2,985
WROGN,Bottom Wear,jeans,wrogn men blue slim fit mid rise clean look stretchable jeans,1539,2799,45%,"28, 30, 32, 34, 36, 38",3.9,982
Roadster,Bottom Wear,jeans,roadster men blue skinny fit mid rise mildly distressed stretchable jeans,1349,2699,50%,"28, 30, 32, 34, 36, 38, 40",3.6,967
Roadster,Bottom Wear,jeans,the roadster lifestyle co men navy blue super skinny fit mid rise mildly distressed stretchable jeans,899,1999,55%,"28, 30, 32, 34, 36",3.8,959
WROGN,Bottom Wear,jeans,wrogn navy slim fit low distressed stretchable jeans,1649,2999,45%,"28, 30, 32, 34, 36, 38",4.1,958
Kook N Keech,Topwear,tshirts,kook n keech men white  black striped oversized longline pure cotton t shirt,439,1099,60%,"S, M, L, XL, XXL",3.7,958
HIGHLANDER,Topwear,shirts,highlander men khaki solid slim fit solid casual shirt,571,1099,48%,"39, 40, 42, 44",4.1,958
JAINISH,Topwear,shirts,jainish men grey classic slim fit solid formal shirt,597,1299,54%,"36, 38, 40, 42, 44",3.9,958
Roadster,Topwear,shirts,roadster men teal blue regular fit solid sustainable casual shirt,549,999,45%,"38, 40, 42, 44",4.2,958
Dennis Lingo,Topwear,shirts,dennis lingo men white slim fit casual shirt,684,1849,63%,"38, 40, 42, 44, 46",4.2,957
Mast & Harbour,Topwear,shirts,mast  harbour men blue slim fit  casual linen cotton sustainable shirt,1099,2199,50%,"38, 40, 42, 44",3.9,957
Roadster,Topwear,tshirts,roadster men sea green solid polo collar t shirt,494,899,45%,"XS, S, M, L, XL, XXL, 3XL, 4XL",4.2,957
WROGN,Bottom Wear,trousers,wrogn men olive green joggers,1799,2999,40%,"28, 30, 32, 34, 36, 38",4.2,955
Roadster Fast and Furious,Bottom Wear,jeans,roadster fast and furious men blue slim fit mid rise clean look stretchable jeans,679,1699,60%,"28, 30, 32, 34, 36",3.8,955
HIGHLANDER,Topwear,tshirts,highlander men charcoal grey slim fit solid henley neck t shirt,398,699,43%,"S, M, L, XL",4.1,953
Mast & Harbour,Topwear,tshirts,mast  harbour men peach coloured solid round neck t shirt,359,799,55%,"S, M, L, XL",4.1,953
Roadster,Bottom Wear,jeans,roadster men white skinny fit mid rise clean look stretchable jeans,1349,2699,50%,"28, 30, 32, 34, 36",3.9,952
Roadster,Topwear,tshirts,roadster men navy blue  mustard brown striped detail v neck pure cotton t shirt,649,1299,50%,"XS, S, M, L, XL",4.1,952
Mast & Harbour,Topwear,tshirts,mast  harbour men blue striped round neck pure cotton t shirt,359,899,60%,"S, M, L, XL",4.1,952
Roadster,Topwear,tshirts,the roadster lifestyle co men black printed detail round neck t shirt,399,799,50%,"XS, S, M, L, XL",4.2,950
HIGHLANDER,Topwear,shirts,highlander men sea green slim fit printed casual shirt,479,1199,60%,"39, 40, 42, 44",4.1,949
Mast & Harbour,Bottom Wear,jeans,mast  harbour men navy blue slim tapered fit mid rise clean look stretchable jeans,719,1799,60%,"28, 30, 32, 34, 36",3.4,948
Mast & Harbour,Topwear,shirts,mast  harbour men maroon slim fit casual shirt,919,2299,60%,"38, 40, 42, 44",4.2,948
Roadster,Topwear,tshirts,the roadster lifestyle co men mustard yellow printed round neck pure cotton t shirt,384,699,45%,"S, M, L, XL",4.3,948
Chkokko,Topwear,tshirts,chkokko men black solid high neck t shirt,857,2765,69%,"S, M, L, XL, XXL, 3XL, 4XL, 5XL",4.3,947
HIGHLANDER,Bottom Wear,track-pants,highlander men black solid slim fit track pants,512,899,43%,"S, M, L, XL",4,939
HIGHLANDER,Bottom Wear,jeans,highlander men black tapered fit jeans,657,1399,53%,"30, 32, 34, 36, 38",3.8,939
Mast & Harbour,Bottom Wear,jeans,mast  harbour men navy blue skinny fit mid rise clean look stretchable jeans,719,1799,60%,"28, 30, 32, 34, 36",3.9,937
HRX by Hrithik Roshan,Bottom Wear,track-pants,hrx by hrithik roshan black joggers,599,1499,60%,"S, M, L, XL, XXL",4,936
HRX by Hrithik Roshan,Sports Wear,tshirts,hrx by hrithik roshan men grey self design round neck active t shirt,279,699,60%,"S, M, L, XL, XXL",4.1,936
HIGHLANDER,Topwear,shirts,highlander men beige  white slim fit striped casual shirt,683,1199,43%,"39, 40, 42, 44",4.1,936
Roadster,Topwear,shirts,roadster men black  grey regular fit checked sustainable casual shirt,749,1499,50%,"38, 40, 42, 44",4.4,936
Mast & Harbour,Inner Wear &  Sleep Wear,socks,mast  harbour men pack of 3 above ankle length socks,381,449,15%,Onesize,4.3,934
Mast & Harbour,Topwear,shirts,mast  harbour men peach coloured slim fit printed casual shirt,899,1799,50%,"38, 40, 42, 44",4.1,934
WROGN,Topwear,jackets,wrogn men brown solid biker jacket,1799,4499,60%,"M, L, XL, XXL",4.3,934
Roadster,Topwear,shirts,roadster men charcoal grey regular fit printed sustainable casual shirt,824,1499,45%,"38, 40, 42, 44, 46, 48",4,933
WROGN,Topwear,tshirts,wrogn men charcoal grey printed v neck slim fit pure cotton t shirt,499,999,50%,"S, M, L, XL, XXL",3.8,933
Roadster,Bottom Wear,jeans,roadster men blue super skinny fit mid rise mildly distressed stretchable jeans,719,1799,60%,"28, 30, 32, 34, 36",3.8,932
Mast & Harbour,Bottom Wear,jeans,mast  harbour men navy blue skinny fit mid rise low distress stretchable jeans,599,1499,60%,"28, 30, 32, 34, 36",3.8,927
HIGHLANDER,Topwear,shirts,highlander men rust red  off white slim fit printed casual shirt,516,1099,53%,"39, 40, 42, 44",4.3,927
Roadster,Topwear,tshirts,roadster men blue  white striped round neck pure cotton t shirt,449,899,50%,"XS, S, M, L, XL, XXL, 3XL, 4XL",4.3,926
Mast & Harbour,Topwear,shirts,mast  harbour men brown slim fit   casual linen cotton sustainable shirt,1209,2199,45%,"38, 40, 42, 44",3.6,925
HRX by Hrithik Roshan,Bottom Wear,track-pants,hrx by hrithik roshan teal blue active joggers,1104,1699,35%,"S, M, L, XL, XXL",3.9,924
Roadster,Topwear,shirts,roadster men grey  navy blue regular fit checked casual shirt,854,1899,55%,"38, 40, 42, 44",4.2,921
WROGN,Bottom Wear,jeans,wrogn men blue slim fit mid rise clean look stretchable jeans,1539,2799,45%,"28, 30, 32, 34, 36, 38",3.9,982
Roadster,Bottom Wear,jeans,the roadster lifestyle co men navy blue super skinny fit mid rise mildly distressed stretchable jeans,899,1999,55%,"28, 30, 32, 34, 36",3.8,959
WROGN,Topwear,shirts,wrogn men maroon  off white slim fit checked casual shirt,1319,2399,45%,"39, 40, 42, 44, 46",4.3,959
JAINISH,Topwear,shirts,jainish men grey classic slim fit solid formal shirt,597,1299,54%,"36, 38, 40, 42, 44",3.9,958
Roadster,Topwear,shirts,roadster men teal blue regular fit solid sustainable casual shirt,549,999,45%,"38, 40, 42, 44",4.2,958
Mast & Harbour,Topwear,shirts,mast  harbour men blue slim fit  casual linen cotton sustainable shirt,1099,2199,50%,"38, 40, 42, 44",3.9,957
WROGN,Bottom Wear,trousers,wrogn men olive green joggers,1799,2999,40%,"28, 30, 32, 34, 36, 38",4.2,955
Roadster Fast and Furious,Bottom Wear,jeans,roadster fast and furious men blue slim fit mid rise clean look stretchable jeans,679,1699,60%,"28, 30, 32, 34, 36",3.8,955
Mast & Harbour,Topwear,tshirts,mast  harbour men peach coloured solid round neck t shirt,359,799,55%,"S, M, L, XL",4.1,953
Roadster,Bottom Wear,jeans,roadster men white skinny fit mid rise clean look stretchable jeans,1349,2699,50%,"28, 30, 32, 34, 36",3.9,952
Roadster,Topwear,tshirts,roadster men navy blue  mustard brown striped detail v neck pure cotton t shirt,649,1299,50%,"XS, S, M, L, XL",4.1,952
Mast & Harbour,Topwear,tshirts,mast  harbour men blue striped round neck pure cotton t shirt,359,899,60%,"S, M, L, XL",4.1,952
HIGHLANDER,Topwear,shirts,highlander men sea green slim fit printed casual shirt,479,1199,60%,"39, 40, 42, 44",4.1,949
Mast & Harbour,Bottom Wear,jeans,mast  harbour men navy blue slim tapered fit mid rise clean look stretchable jeans,719,1799,60%,"28, 30, 32, 34, 36",3.4,948
Mast & Harbour,Topwear,shirts,mast  harbour men maroon slim fit casual shirt,919,2299,60%,"38, 40, 42, 44",4.2,948
Roadster,Topwear,tshirts,the roadster lifestyle co men mustard yellow printed round neck pure cotton t shirt,384,699,45%,"S, M, L, XL",4.3,948
Chkokko,Topwear,tshirts,chkokko men black solid high neck t shirt,857,2765,69%,"S, M, L, XL, XXL, 3XL, 4XL, 5XL",4.3,947
HIGHLANDER,Bottom Wear,track-pants,highlander men black solid slim fit track pants,512,899,43%,"S, M, L, XL",4,939
HIGHLANDER,Bottom Wear,jeans,highlander men black tapered fit jeans,657,1399,53%,"30, 32, 34, 36, 38",3.8,939
Mast & Harbour,Bottom Wear,jeans,mast  harbour men navy blue skinny fit mid rise clean look stretchable jeans,719,1799,60%,"28, 30, 32, 34, 36",3.9,937
HRX by Hrithik Roshan,Bottom Wear,track-pants,hrx by hrithik roshan black joggers,599,1499,60%,"S, M, L, XL, XXL",4,936
HRX by Hrithik Roshan,Sports Wear,tshirts,hrx by hrithik roshan men grey self design round neck active t shirt,279,699,60%,"S, M, L, XL, XXL",4.1,936
HIGHLANDER,Topwear,shirts,highlander men beige  white slim fit striped casual shirt,683,1199,43%,"39, 40, 42, 44",4.1,936
Roadster,Topwear,shirts,roadster men black  grey regular fit checked sustainable casual shirt,749,1499,50%,"38, 40, 42, 44",4.4,936
Mast & Harbour,Inner Wear &  Sleep Wear,socks,mast  harbour men pack of 3 above ankle length socks,381,449,15%,Onesize,4.3,934
WROGN,Topwear,jackets,wrogn men brown solid biker jacket,1799,4499,60%,"M, L, XL, XXL",4.3,934
Roadster,Topwear,shirts,roadster men charcoal grey regular fit printed sustainable casual shirt,824,1499,45%,"38, 40, 42, 44, 46, 48",4,933
WROGN,Topwear,tshirts,wrogn men charcoal grey printed v neck slim fit pure cotton t shirt,499,999,50%,"S, M, L, XL, XXL",3.8,933
Roadster,Bottom Wear,jeans,roadster men blue super skinny fit mid rise mildly distressed stretchable jeans,719,1799,60%,"28, 30, 32, 34, 36",3.8,932
HIGHLANDER,Bottom Wear,trousers,highlander men olive green slim fit chinos,769,999,23%,"30, 32, 34, 36",4,931
HIGHLANDER,Topwear,shirts,highlander men rust red  off white slim fit printed casual shirt,516,1099,53%,"39, 40, 42, 44",4.3,927
Mast & Harbour,Topwear,tshirts,mast  harbour men multicoloured striped round neck t shirt,449,899,50%,"S, M, L, XL",4.2,926
Roadster,Topwear,tshirts,roadster men blue  white striped round neck pure cotton t shirt,449,899,50%,"XS, S, M, L, XL, XXL, 3XL, 4XL",4.3,926
HRX by Hrithik Roshan,Bottom Wear,shorts,hrx by hrithik roshan men navy solid rapid dry running shorts,679,1699,60%,"28, 30, 32, 34, 36",4.3,925
Anouk,Topwear,kurtas,anouk men navy blue solid straight kurta,599,1499,60%,"S, M, L, XL, XXL",3.8,925
Bewakoof,Topwear,tshirts,bewakoof men white solid round neck pure cotton t shirt,449,499,10%,"S, M, L, XL, XXL, 3XL",4.1,924
Campus Sutra,Bottom Wear,jeans,campus sutra men blue jogger fit mid rise clean look stretchable jeans,816,1899,57%,"30, 32, 34, 36",3.7,883
DEYANN,Indian Wear,kurta-sets,deyann men blue  cream coloured self design kurta with pyjamas,1436,3590,60%,"S, M, L, XL, XXL, 3XL",3.9,883
WROGN,Topwear,tshirts,wrogn men rust orange  black striped slim fit round neck pure cotton t shirt,599,1199,50%,"S, M, L, XL, XXL",4.3,882
HERE&NOW,Topwear,tshirts,herenow men white striped cotton pure cotton t shirt,454,1299,65%,"S, M, L, XL, XXL",4.1,882
Campus Sutra,Topwear,shirts,campus sutra men blue  grey regular fit colourblocked casual shirt,644,1499,57%,"38, 40, 42, 44",3.9,880
HRX by Hrithik Roshan,Bottom Wear,track-pants,hrx by hrithik roshan men grey melange solid rapid dry training joggers,919,2299,60%,"S, M, L, XL, XXL",4.3,877
HRX by Hrithik Roshan,Bottom Wear,track-pants,hrx by hrithik roshan active men teal green solid rapid dry track pants,944,2099,55%,"S, M, L, XL, XXL",4.1,877
Black coffee,Bottom Wear,trousers,black coffee men charcoal grey formal trousers,742,1649,55%,"30, 32, 34, 36",4.1,877
Campus Sutra,Topwear,tshirts,campus sutra men blue solid round neck pure cotton t shirt,386,899,57%,"S, M, L, XL",3.8,877
HIGHLANDER,Topwear,shirts,highlander men orange  peach coloured slim fit solid casual shirt,539,1349,60%,"39, 40, 42, 44",3.8,865
Roadster,Topwear,shirts,roadster men navy blue checked pure cotton sustainable casual shirt,779,1299,40%,"38, 40, 42, 44",4.3,863
HERE&NOW,Bottom Wear,track-pants,herenow men navy solid straight fit joggers,674,1499,55%,"S, M, L, XL",3.9,862
SPYKAR,Bottom Wear,shorts,spykar men brown printed slim fit regular shorts,799,1999,60%,"28, 30, 32, 34, 36, 38",4.7,9
French Connection,Bottom Wear,shorts,french connection men black slim fit chino shorts,999,1999,50%,"28, 30, 32, 34, 36, 38",4.9,9
Louis Philippe Sport,Bottom Wear,shorts,louis philippe sport men beige striped slim fit low rise regular shorts,1519,1899,20%,"30, 32, 34, 36, 38",4.8,9
HIGHLANDER,Bottom Wear,shorts,highlander men pink slim fit high rise cargo shorts,739,1849,60%,"30, 32, 34, 36",4.7,9
Peter England Casuals,Bottom Wear,jeans,peter england casuals men navy blue slim fit jeans,1039,1599,35%,"28, 30, 32, 34, 36, 38",3.4,9
Urbano Plus,Bottom Wear,shorts,urbano plus men brown denim shorts,863,1599,46%,"36, 38, 40, 42, 44",3.2,9
Peter England,Bottom Wear,trousers,peter england men charcoal black  white checked slim fit trousers,909,1399,35%,"28, 30, 32, 34, 36, 38",4.8,9
Maniac,Bottom Wear,track-pants,maniac men black  white cotton colourblocked joggers,637,1329,52%,"S, M, L, XL",3.3,9
Cherokee,Bottom Wear,jeans,cherokee men blue regular fit jeans,909,1299,30%,"30, 32, 34, 36, 38",3.3,9
Basics,Bottom Wear,trousers,basics men grey comfort fit trousers,599,1199,50%,"28, 30, 32, 34, 36",2.8,9
Alcis,Bottom Wear,shorts,alcis men navy blue printed slim fit mid rise sports shorts,599,1199,50%,"30, 32, 34, 37, 41",3.7,9
Forca,Bottom Wear,track-pants,forca men black solid slim fit joggers,719,1199,40%,"S, M, L, XL, XXL",3.7,9
Ruggers,Bottom Wear,trousers,ruggers men beige slim fit solid regular trousers,999,1199,Rs. 200 ,"30, 32, 34, 36, 38",3.4,9
Black Panther,Bottom Wear,track-pants,black panther men grey slim fit joggers,1079,1199,10%,"S, M, L, XL, XXL, 3XL",3.8,9
DEYANN,Indian Wear,kurtas,deyann men yellow solid straight kurta,636,1590,60%,"S, M, L, XL, XXL, 3XL",3.3,9
Jompers,Indian Wear,kurta-sets,jompers men brown  maroon printed kurta with churidar,798,1699,53%,"S, M, L, XL, XXL",3.9,9
The Indian Garage Co,Indian Wear,kurtas,the indian garage co men violet kurta,526,1699,69%,"S, M, L, XL, XXL, 3XL",3.4,9
Fabindia,Indian Wear,kurtas,fabindia men navy blue  grey pure cotton paisley print indigo kurta,1611,1790,10%,"XS, S, M, L, XL, XXL",4.7,9
DEYANN,Indian Wear,dhotis,devyaan men grey  black printed dhoti,696,1990,65%,"S, M, L, XL, XXL, 3XL",4.7,9
DENNISON,Indian Wear,kurtas,dennison men taupe melange effect straight comfort slim fit short kurta,699,1999,65%,"S, M, L",4.6,9
KHADIO,Indian Wear,kurtas,khadio men yellow solid kurta,599,1999,70%,"M, L, XL, XXL",4.6,9
Jompers,Indian Wear,kurta-sets,jompers men blue  black woven design kurta with churidar,999,1999,50%,"S, M, L, XL, XXL",4.1,9
Benstoke,Indian Wear,kurta-sets,benstoke men grey layered kurta with churidar,899,1999,55%,"S, M, L, XL, XXL",2.6,9
See Designs,Indian Wear,kurtas,see designs men orange solid kurta,769,2199,65%,"XS, S, M, L, XL, XXL",2.7,9
Benstoke,Indian Wear,kurta-sets,benstoke men navy blue  white solid angrakha kurta with trousers,749,2499,70%,"S, M, L, XL, XXL",3.3,9
Jompers,Indian Wear,nehru-jackets,jompers men mustard  white embroidered nehru jacket,999,2499,60%,"S, M, L, XL, XXL",5,9
Taavi,Indian Wear,kurtas,taavi men teal blue  brown ajrakh striped kurta with roll up sleeves,1159,2899,60%,"S, M, L, XL, XXL",2.6,9
DEYANN,Indian Wear,kurtas,deyann men off white printed straight kurta,1046,2990,65%,"S, M, L, XL, XXL, 3XL",3.8,9
DEYANN,Indian Wear,kurta-sets,deyann men blue  cream coloured woven design kurta with churidar,1046,2990,65%,"S, M, L, XL, XXL, 3XL",4.1,9
LAMAAYA,Indian Wear,patiala,lamaaya men white solid patiala ,1495,2990,50%,"S, M, L, XL, XXL, 3XL",3.7,9
SOJANYA,Indian Wear,kurtas,sojanya men grey  white woven design straight kurta,1499,2999,50%,"M, L, XL, XXL",3.1,9
Vartah,Indian Wear,kurtas,vartah men maroon floral printed kurta,1799,2999,40%,"S, M, L, XL",2.4,9
DEYANN,Indian Wear,nehru-jackets,deyann men cream coloured jacquard nehru jacket,1436,3590,60%,"S, M, L, XL, XXL, 3XL",3.3,9
MAXENCE,Indian Wear,shawl,maxence men multicoloured printed shawl,1439,3599,60%,Onesize,2.7,9
DEYANN,Indian Wear,kurta-sets,deyann men peach coloured  white printed kurta with pyjamas,1606,4590,65%,"S, M, L, XL, XXL, 3XL",3.3,9
DEYANN,Indian Wear,kurta-sets,deyann men blue self design kurta with pyjamas,2065,4590,55%,"S, M, L, XL, XXL, 3XL",2.9,9
KLOTTHE,Indian Wear,nehru-jackets,klotthe men grey checked woven nehru jacket,978,4659,79%,"M, L, XL, XXL, 3XL",4.3,9
Peter England Casuals,Bottom Wear,jeans,peter england casuals men black slim fit low distress light fade jeans,2124,2499,15%,"28, 30, 32, 34, 36, 38, 40",1,6
The Indian Garage Co,Bottom Wear,trousers,the indian garage co men olive green slim fit solid chinos,797,1899,58%,"28, 30, 32, 34, 36, 38",1,5
Peter England Casuals,Topwear,jackets,peter england casuals men olive green sporty jacket,1749,3499,50%,"S, M, L, XL, XXL, 3XL",1,5
FEVER,Bottom Wear,jeans,fever men blue straight fit mid rise clean look jeans,1594,2899,45%,"38, 40, 42, 44, 46, 48",1,4
Luxrio,Topwear,blazers,luxrio men lavender solid twill slim fit single breasted formal blazer,2399,5999,60%,"36, 38, 40, 42",1,4
SPYKAR,Bottom Wear,jeans,spykar men blue super skinny fit low rise clean look jeans,1799,3599,50%,"30, 32, 34, 36, 38",1,3
NYAMBA By Decathlon,Sports Wear,tshirts,nyamba by decathlon men grey typography printed t shirt,755,899,16%,"S, M, L, XL, XXL, 3XL, 4XL",1.3,4
Pepe Jeans,Topwear,shirts,pepe jeans men navy blue  off white regular fit printed casual shirt,1019,1699,40%,"38, 40, 42, 44, 46",1.3,4
Excalibur,Topwear,shirts,excalibur men blue slim fit solid formal shirt,559,799,30%,"39, 40, 42, 44",1.3,4
NEVA,Bottom Wear,shorts,neva men blue mid rise regular shorts,584,649,10%,"32, 34, 36, 38",1.3,3
LOCOMOTIVE,Bottom Wear,jeans,locomotive men blue slim fit mildly distressed heavy fade stretchable jeans,699,1999,65%,"30, 32, 34, 36",1.5,11
Ode by House of Pataudi,Indian Wear,kurtas,ode by house of pataudi men green  gold toned woven design kurta,769,2199,65%,"XS, S, M, L, XL",1.5,10
C9 AIRWEAR,Inner Wear &  Sleep Wear,innerwear-vests,c9 airwear men white solid innerwear vest p15002white,301,549,45%,"M, L, XL, XXL, 3XL",1.5,10
Pepe Jeans,Bottom Wear,jeans,pepe jeans men black slim fit low rise clean look stretchable jeans,1749,3499,50%,"28, 30, 32, 34, 36, 38, 40",1.5,8
Friskers,Inner Wear &  Sleep Wear,innerwear-vests,friskers men navy blue  white printed cotton apple cut gym vest,543,849,36%,"S, M, L, XL, XXL",1.5,6
Aeropostale,Topwear,tshirts,aeropostale men grey printed round neck t shirt,539,899,40%,"XS, S, M, L, XL",1.6,21
Purple State,Inner Wear &  Sleep Wear,boxers,purple state men blue  black checked cotton boxer,269,999,73%,"S, M, L, XL",1.6,9
Hangup,Bottom Wear,trousers,hangup men maroon regular fit solid formal trousers,774,2499,69%,"30, 32, 34, 36, 38",1.6,5
FITUP LIFE,Bottom Wear,track-pants,fitup life men grey solid training track pants,959,1599,40%,"S, M, L, XL, XXL",1.6,5
HERE&NOW,Bottom Wear,jeans,herenow men blue skinny fit mid rise clean look jeans,524,1499,65%,"28, 30, 32, 34, 36",1.7,6
WROGN,Topwear,shirts,wrogn men olive green slim fit printed casual shirt,1154,2099,45%,"39, 40, 42, 44, 46",1.7,6
SF JEANS by Pantaloons,Bottom Wear,jeans,sf jeans by pantaloons men blue skinny fit low rise clean look stretchable jeans,1099,1999,45%,"28, 30, 32, 34, 36",1.7,3
Hangup,Indian Wear,kurta-sets,hangup men blue linen kurta with pyjamas,959,3999,76%,"M, L, XL, XXL, 3XL, 4XL, 5XL, 6XL",1.7,3
DEYANN PLUS,Indian Wear,kurta-sets,deyann plus men maroon  champagne woven design kurta with churidar,2245,4990,55%,"XXL, 3XL, 4XL, 5XL, 6XL",1.7,3
HIGHLANDER,Topwear,shirts,highlander men pink  beige slim fit checked casual shirt,740,1299,43%,"39, 40, 42, 44",1.8,27
Louis Philippe,Bottom Wear,trousers,louis philippe men navy blue slim fit solid formal trousers,1139,1899,40%,"28, 30, 32, 34, 36",1.8,18
Peter England Casuals,Bottom Wear,jeans,peter england casuals men navy blue skinny fit mid rise clean look stretchable jeans,999,1999,50%,"28, 30, 32, 34, 36, 38, 40",1.8,9
Maniac,Bottom Wear,track-pants,maniac men navy blue solid slim fit joggers,449,1799,75%,"S, M, L, XL",1.8,9
Louis Philippe,Topwear,shirts,louis philippe men white cotton classic fit formal shirt,1229,2049,40%,44,1.9,10
Urban Dog,Bottom Wear,track-pants,urban dog men charcoal grey slim fit solid joggers,449,999,55%,"M, L, XL, XXL",2,18
Ode by House of Pataudi,Indian Wear,kurtas,ode by house of pataudi men magenta  gold toned printed kurta,769,2199,65%,"XS, S, M, L, XL",2,17
Ode by House of Pataudi,Indian Wear,kurtas,ode by house of pataudi men orange kurta,769,2199,65%,"XS, S, M, L, XL",2,14
Luxrio,Topwear,blazers,luxrio men white solid twill slim fit single breasted formal blazer,2399,5999,60%,"36, 38, 40, 42",2,14
Campus Sutra,Bottom Wear,jeans,campus sutra men navy blue slim fit low distress light fade stretchable jeans,816,1899,57%,"28, 30, 32, 34, 36",2,9
SPYKAR,Bottom Wear,jeans,spykar men blue tapered fit low rise clean look jeans,1799,2999,40%,"28, 30, 32, 34, 36, 38",2,3
Hancock,Bottom Wear,trousers,hancock men brown slim fit solid chinos,799,1999,60%,"30, 32, 34, 36, 38",2,3
Pepe Jeans,Topwear,tshirts,pepe jeans men black abstract print slim fit cotton t shirt,1439,1799,20%,"S, M, L, XL, XXL, 3XL",2,2
Indian Terrain,Topwear,shirts,indian terrain men yellow slim fit pure cotton formal shirt,899,1799,50%,46,2,2
Van Heusen,Topwear,shirts,van heusen men mauve slim fit formal shirt,1954,2299,15%,38,2,2
Allen Solly Sport,Bottom Wear,jeans,allen solly sport men navy blue skinny fit light fade jeans,1999,2499,20%,"28, 30, 32, 34, 36, 38, 40, 42, 44",2,1
ARDEUR,Bottom Wear,shorts,ardeur men navy blue training or gym sports shorts,479,1499,68%,"30, 32, 34, 36",2,1
Peter England,Bottom Wear,trousers,peter england men black slim fit checked formal trousers,769,1399,45%,"26, 28, 30, 32, 34, 36, 38, 40, 42, 44, 46, 48, 50",2.2,39
HERE&NOW,Bottom Wear,jeans,herenow men blue slim fit mid rise clean look stretchable jeans,944,2099,55%,"28, 30, 32, 34, 36",2.2,24
Chkokko,Sports Wear,tshirts,chkokko men black solid dri fit round neck t shirt,579,1999,71%,"S, M, L, XL, XXL, 3XL",2.2,16
GRACIT,Bottom Wear,jeans,gracit men blue skinny fit stretchable jeans,827,1199,31%,"28, 30, 32, 34, 36",2.2,11
Pepe Jeans,Topwear,shirts,pepe jeans men blue regular fit checked casual shirt,1079,1799,40%,"40, 42, 44, 46, 48, 50",2.2,10
The Indian Garage Co,Topwear,blazers,the indian garage co men brown solid single breasted blazer,1664,3699,55%,"38, 40, 42, 44, 46",2.3,29
DEYANN,Indian Wear,kurtas,deyann men peach coloured solid straight kurta,1256,3590,65%,"S, M, L, XL, XXL, 3XL",2.3,22
Globus,Bottom Wear,trousers,globus men black pure cotton regular fit solid trousers,749,1499,50%,"30, 32, 34, 36, 38",2.3,12
Urban Ranger by pantaloons,Bottom Wear,trousers,urban ranger by pantaloons men off white slim fit joggers trousers,786,1049,25%,"30, 32, 34, 36, 38",2.3,10
Roadster,Inner Wear &  Sleep Wear,trunk,the roadster lifestyle co men black solid anti microbial trunk rd3684 1pp trn blk,239,399,40%,"S, M, L, XL",2.3,10
SPYKAR,Bottom Wear,jeans,spykar men blue super skinny fit low rise clean look jeans,1949,3899,50%,"28, 30, 36, 38",2.3,6
Mufti,Bottom Wear,jeans,mufti men blue jogger heavy fade jeans,2449,3499,30%,"28, 30, 32, 34, 36, 38, 40",2.3,6
SPYKAR,Bottom Wear,jeans,spykar men black rover slim fit low rise clean look jeans,1231,2799,56%,"28, 30, 32, 34, 36",2.3,6
HERE&NOW,Bottom Wear,jeans,herenow men blue skinny fit mid rise heavy fade clean look jeans,719,2399,70%,"28, 30, 32, 34, 36",2.3,6
Campus Sutra,Bottom Wear,track-pants,campus sutra men black striped joggers,749,1499,50%,"M, L, XL",2.3,6
Lee,Bottom Wear,jeans,lee men blue slim fit light fade stretchable jeans,2159,3599,40%,"28, 30, 32, 34, 36, 38, 40, 42",2.3,4
Park Avenue,Bottom Wear,trousers,park avenue men blue regular fit solid regular trousers,1319,3299,60%,"28, 30, 32, 34, 36, 38, 40, 42, 44",2.3,4
Hangup,Bottom Wear,trousers,hangup men green regular fit solid formal trousers,774,2499,69%,"30, 32, 34, 36, 38, 40, 42",2.3,4
Peter England Casuals,Bottom Wear,trousers,peter england casuals men black slim fit solid regular trousers,1264,2299,45%,"28, 30, 32, 34, 36, 38, 40",2.3,4
Hangup,Indian Wear,blazers,hangup men black regular fit single breasted velvet ethnic bandhgala blazer,1919,5999,68%,"36, 38, 40, 42, 44, 46",2.5,178
Ode by House of Pataudi,Indian Wear,kurtas,ode by house of pataudi men red  golden woven design straight kurta,874,2499,65%,"XS, S, M, L, XL",2.5,46
Campus Sutra,Topwear,shirts,campus sutra men brown  navy blue regular fit checked casual shirt,644,1499,57%,"38, 40, 42, 44",2.5,27
Jack & Jones,Topwear,shirts,jack  jones men black windowpane checks casual shirt,1749,2499,30%,"39, 40, 42, 44, 46",2.5,14
Mufti,Bottom Wear,jeans,mufti men blue regular fit mid rise clean look stretchable jeans,1499,2999,50%,"28, 30, 32, 34, 36, 38, 40",2.5,13
HERE&NOW,Bottom Wear,jeans,herenow men blue slim fit mid rise clean look stretchable jeans,674,2699,75%,"28, 30, 32, 34, 36",2.6,52
Hangup,Topwear,blazers,hangup men white solid single breasted casual blazer,1919,5999,68%,"36, 38, 40, 42, 44, 46",2.6,47
Benstoke,Indian Wear,kurta-sets,benstoke men black dupion silk kurta with pyjamas  nehru jacket,1999,3999,50%,"S, M, L, XL, XXL",2.7,35
Hangup,Topwear,blazers,hangup mens white solid single breasted blazer,1889,6999,73%,"36, 38, 40, 42, 44, 46",2.7,35
Mast & Harbour,Topwear,tshirts,mast  harbour men black pure cotton solid t shirt,549,999,45%,"S, M, L, XL",2.7,27
Pepe Jeans,Bottom Wear,jeans,pepe jeans men grey austin chinox slim fit low rise clean look stretchable jeans,2159,3599,40%,"28, 30, 32, 34, 36, 38, 40",2.7,26
WROGN ACTIVE,Bottom Wear,track-pants,wrogn active men black solid slim fit regular track pants,899,1999,55%,"S, M, L, XL, XXL",2.6,25
Puma,Bottom Wear,shorts,puma men navy blue  black printed train fav blaster dry cell regular fit sports shorts,1099,1999,45%,"28, 30, 32, 34, 36, 38",2.6,23
Colt,Topwear,tshirts,colt men white printed round neck pure cotton t shirt,359,599,40%,"XS, S, M, L, XL, XXL",2.6,22
PAUSE SPORT,Bottom Wear,track-pants,pause sport men green solid cotton antimicrobial slim fit joggers,419,1399,70%,"S, M, L, XL, XXL",2.7,21
Puma,Bottom Wear,track-pants,puma men grey solid straight fit joggers,2099,2999,30%,"XS, S, M, L, XL, XXL",2.7,19
HIGHLANDER,Bottom Wear,jeans,highlander men grey tapered fit highly distressed heavy fade stretchable jeans,845,1799,53%,"30, 32, 34, 36, 38",2.6,19
Alcis,Bottom Wear,track-pants,alcis men charcoal grey solid joggers,1079,1799,40%,"S, M, L, XL, XXL",2.7,19
Urban Dog,Inner Wear &  Sleep Wear,boxers,urban dog men assorted pure cotton boxers udbx440 m,279,1399,80%,"M, L, XL",2.7,19
HRX by Hrithik Roshan,Bottom Wear,trousers,hrx by hrithik roshan men sponge solid tapered fit rapid dry lifestyle trousers,979,2799,65%,"28, 30, 32, 34, 36",2.7,17
Dollar Bigboss,Inner Wear &  Sleep Wear,trunk,dollar bigboss men pack of 2 assorted short trunks mdtr 05 po2 co3,520,578,10%,"S, M, L, XL",2.6,17
Puma,Bottom Wear,track-pants,puma men grey solid track pants,1949,2999,35%,"XS, S, M, L, XL, XXL",2.7,16
SPYKAR,Bottom Wear,trousers,spykar men black slim fit solid regular trousers,1143,2599,56%,"28, 30, 32, 34, 36, 38",2.7,15
Roadster,Topwear,shirts,roadster men grey casual shirt with patch pocket,629,1799,65%,"38, 40, 42, 44",2.9,405
HERE&NOW,Bottom Wear,jeans,herenow men blue slim fit mid rise clean look stretchable jeans,674,2699,75%,"28, 30, 32, 34, 36",3,263
WROGN,Topwear,jackets,wrogn men black solid slim fit denim jacket,1599,3999,60%,"M, L, XL, XXL",2.9,239
Urban Dog,Inner Wear &  Sleep Wear,boxers,urban dog men grey  black striped boxer udbx172 m,279,1399,80%,"M, L, XL, XXL",2.9,97
HERE&NOW,Bottom Wear,jeans,herenow men black slim fit mid rise clean look stretchable jeans,799,1599,50%,"28, 30, 32, 34, 36",2.8,80
cape canary,Bottom Wear,trousers,cape canary men grey cargos,1124,2499,55%,"28, 30, 32, 34, 36",3,53
HRX by Hrithik Roshan,Bottom Wear,track-pants,hrx by hrithik roshan edge lifestyle men anthracite camouflage track pants,1049,2999,65%,"S, M, L, XL, XXL",3,51
Harvard,Bottom Wear,jeans,harvard men navy blue skinny fit mid rise low distress stretchable jeans,1149,2299,50%,"28, 30, 32, 34, 36",2.9,51
High Star,Topwear,shirts,high star men blue slim fit faded denim casual shirt,643,1399,54%,"38, 40, 42, 44",2.9,40
The Indian Garage Co,Bottom Wear,track-pants,the indian garage co men maroon solid joggers with colorblocked detail,607,1899,68%,"S, M, L, XL, XXL",3,39
Hangup,Topwear,shirts,hangup men blue smart regular fit checked casual shirt,571,2199,74%,"36, 38, 40, 42",2.9,39
Sztori,Topwear,jackets,sztori men plus size black  white colourblocked windcheater jacket,1259,4199,70%,"XXL, 3XL, 4XL, 5XL, 6XL",2.9,39
Pepe Jeans,Bottom Wear,jeans,pepe jeans men black blade vapour skinny fit mid rise clean look stretchable jeans,2279,3799,40%,"28, 30, 32, 34, 36",3,36
Hubberholme,Bottom Wear,track-pants,hubberholme white slim fit track pants,449,999,55%,"S, M, L, XL, XXL, 3XL, 4XL",3.5,918
Roadster,Bottom Wear,jeans,roadster men blue premium mildly distressed acid wash skinny fit stretchable lycra fiber jeans,1349,2699,50%,"28, 30, 32, 34, 36",3.5,900
Harvard,Bottom Wear,jeans,harvard men navy blue slim fit mid rise clean look stretchable jeans,1138,1898,40%,"28, 30, 32, 34, 36",3.2,865
Kook N Keech Superman,Topwear,tshirts,kook n keech superman men white printed round neck pure cotton t shirt,494,899,45%,"S, M, L, XL, XXL",3.5,845
Roadster,Bottom Wear,trousers,roadster men navy slim fit pure cotton joggers,989,2199,55%,"28, 30, 32, 34, 36",3.5,841
Campus Sutra,Bottom Wear,jeans,campus sutra men navy blue mildly distressed light fade applique stretchable jeans,816,1899,57%,"28, 30, 32, 34, 36",3.4,824
Roadster,Bottom Wear,jeans,roadster men blue skinny fit mid rise clean look stretchable jeans,899,1999,55%,"28, 30, 32, 34, 36",3.4,819
Harvard,Bottom Wear,jeans,harvard men black slim fit mid rise clean look stretchable jeans,1138,1898,40%,"28, 30, 32, 34, 36",3.3,777
Campus Sutra,Bottom Wear,jeans,campus sutra men blue jogger fit mid rise clean look stretchable jeans,781,1699,54%,"30, 32, 34, 36",3.4,713
HRX by Hrithik Roshan,Bottom Wear,trousers,hrx by hrithik roshan men black outdoor trousers,909,2599,65%,"28, 30, 32, 34, 36, 38",3.5,423
Harvard,Bottom Wear,jeans,harvard men blue skinny fit mid rise clean look stretchable cropped jeans,1258,2098,40%,"28, 30, 32, 34, 36",3.4,423
WROGN,Topwear,jackets,wrogn men navy blue solid slim fit denim jacket,1799,3999,55%,"S, M, L, XL, XXL",3.4,422
Roadster,Bottom Wear,jeans,roadster men blue skinny fit washed mid rise clean look stretchable jeans,799,1999,60%,"28, 30, 32, 34, 36",3.3,421
Mast & Harbour,Bottom Wear,jeans,mast  harbour men blue carrot fit mid rise mildly distressed stretchable jeans,839,2099,60%,"28, 30, 32, 34, 36",3.1,412
Urban Dog,Inner Wear &  Sleep Wear,boxers,urban dog mens assorted pack of 2 boxers,475,2798,83%,"XXL, M, XL, L",3.3,401
Mast & Harbour,Topwear,jackets,mast  harbour men mustard yellow solid hooded lightweight jacket,919,2299,60%,"S, M, L, XL",3.5,401
Justice League,Sports Wear,tshirts,justice league men navy blue printed round neck t shirt,324,1299,75%,"S, M, L, XL, XXL",3.4,272
hangup trend,Bottom Wear,trousers,hangup trend men grey self design formal trousers,783,1599,51%,"28, 30, 32, 34, 36, 38, 40, 42, 44, 46, 48, 50, 52",3.4,261
Mast & Harbour,Bottom Wear,jeans,mast  harbour men blue skinny fit mid rise clean look stretchable jeans,759,1899,60%,"28, 30, 32, 34, 36",3.1,176
HRX by Hrithik Roshan,Sports Wear,jackets,hrx by hrithik roshan lifestyle men medieval blue  rapid dry colourblock jackets,1049,2999,65%,"S, M, L, XL, XXL",3.5,175
Urban Dog,Inner Wear &  Sleep Wear,boxers,urban dog men assorted printed    pure cotton boxers udbx152,279,1399,80%,"M, L, XL, XXL",3.5,165
SPYKAR,Bottom Wear,jeans,spykar men black skinny fit low rise clean look stretchable jeans,1664,3699,55%,"28, 30, 32, 34, 36, 38",3.5,161
Campus Sutra,Bottom Wear,jeans,campus sutra men blue slim fit mid rise mildly distressed stretchable jeans,764,1699,55%,"30, 32, 34, 36",3.5,151
Anouk,Indian Wear,nehru-jackets,anouk men beige  blue embroidered nehru jacket,799,1999,60%,"S, M, L, XL, XXL",3.5,151
HIGHLANDER,Bottom Wear,jeans,highlander men blue slim fit light fade stretchable jeans,798,1699,53%,"30, 32, 34, 36, 38",3.4,148
Maniac,Bottom Wear,track-pants,maniac men black solid slim fit joggers,637,1329,52%,"M, L, XL",3.5,147
HIGHLANDER,Bottom Wear,jeans,highlander men charcoal black tapered fit mid rise clean look jeans,459,1149,60%,"30, 32, 34, 36, 38",3.5,145
KETCH,Bottom Wear,trousers,ketch men beige slim fit easy wash chinos trousers,639,1599,60%,"30, 32, 34, 36",3.5,140
Peter England Casuals,Bottom Wear,trousers,peter england casuals men black printed skinny fit chinos trousers,824,1499,45%,"30, 32, 34, 36, 38",3.2,139
Hangup,Indian Wear,kurta-sets,hangup men white solid kurta with pyjamas,749,2999,75%,"M, L, XL, XXL",3.5,139
Roadster,Bottom Wear,jeans,roadster men navy blue slim fit mid rise clean look jeans,824,1499,45%,"28, 30, 32, 34, 36",3.9,999
LOCOMOTIVE,Bottom Wear,track-pants,locomotive men black  white solid slim fit track pants,517,1149,55%,"S, M, L, XL",4,999
HIGHLANDER,Bottom Wear,trousers,highlander men olive green slim fit solid regular trousers,599,1499,60%,"30, 32, 34, 36",3.9,998
WROGN,Bottom Wear,jeans,wrogn men blue skinny fit mid rise clean look stretchable jeans,1539,2799,45%,"28, 30, 32, 34, 36, 38",4,988
HRX by Hrithik Roshan,Sports Wear,track-pants,hrx by hrithik roshan men olive green camo athleisure track pants,759,1899,60%,"S, M, L, XL, XXL",4,988
Roadster,Bottom Wear,jeans,roadster men navy blue super skinny fit acid wash clean look stretchable jeans,799,1999,60%,"28, 30, 32, 34, 36, 38, 40",3.8,987
Moda Rapido,Topwear,tshirts,moda rapido men olive green printed round neck pure cotton t shirt,399,999,60%,"S, M, L, XL",4,987
Roadster,Bottom Wear,jeans,roadster men blue slim fit mid rise mildly distressed stretchable jeans,989,2199,55%,"28, 30, 32, 34, 36",3.7,986
HIGHLANDER,Topwear,shirts,highlander men navy  off white slim fit checked casual shirt,699,999,30%,"39, 40, 42, 44",4,985
Maniac,Topwear,tshirts,maniac men yellow  navy blue printed round neck pure cotton t shirt,483,1099,56%,"S, M, L, XL",4,906
Roadster,Bottom Wear,jeans,roadster men blue skinny fit mid rise clean look stretchable jeans,719,1799,60%,"28, 30, 32, 34, 36",3.9,902
Campus Sutra,Topwear,sweatshirts,campus sutra men navy blue solid hooded sweatshirt,730,1699,57%,"S, M, L, XL",4,902
Mast & Harbour,Bottom Wear,jeans,mast  harbour men white slim fit mid rise clean look stretchable jeans,919,2299,60%,"28, 30, 32, 34, 36",3.6,899
Roadster,Bottom Wear,jeans,roadster men black slim fit mid rise clean look stretchable jeans,719,1799,60%,"28, 30, 32, 34, 36",3.9,897
Maniac,Bottom Wear,track-pants,maniac men black solid slim fit joggers,621,1109,44%,"M, L, XL",3.8,895
HERE&NOW,Bottom Wear,jeans,herenow men grey slim tapered fit mid rise clean look stretchable cropped jeans,674,2699,75%,"28, 30, 32, 34, 36",3.7,894
LOCOMOTIVE,Topwear,shirts,locomotive men blue  navy blue slim fit checked casual shirt,725,1649,56%,"39, 40, 42, 44",4,893
WROGN,Topwear,jackets,wrogn men olive green solid slim fit biker jacket,1839,4599,60%,"M, L, XL, XXL",4,881
Campus Sutra,Topwear,shirts,campus sutra men blue  grey regular fit colourblocked casual shirt,644,1499,57%,"38, 40, 42, 44",3.9,880
Campus Sutra,Topwear,tshirts,campus sutra men blue solid round neck pure cotton t shirt,386,899,57%,"S, M, L, XL",3.8,877
Campus Sutra,Topwear,sweatshirts,campus sutra men green solid hooded sweatshirt,730,1699,57%,"S, M, L, XL",4,875
Mast & Harbour,Topwear,shirts,mast  harbour men beige  grey slim fit checked sustainable casual shirt,1049,2099,50%,"38, 40, 42, 44",3.8,870
Moda Rapido,Topwear,tshirts,moda rapido men white  black striped round neck t shirt,359,899,60%,"S, M, L, XL",3.9,870
HRX by Hrithik Roshan,Topwear,tshirts,hrx by hrithik roshan men red printed round neck athleisure pure cotton t shirt,449,899,50%,"S, M, L, XL, XXL",3.8,840
LOCOMOTIVE,Bottom Wear,jeans,locomotive men white slim fit mid rise clean look stretchable jeans,874,2499,65%,"30, 32, 34, 36",3.8,839
Roadster,Bottom Wear,trousers,roadster men navy blue slim fit pure cotton sustainable chinos,899,1999,55%,"28, 30, 32, 34, 36",3.7,838
Kook N Keech,Topwear,sweatshirts,kook n keech men red  white colourblocked sweatshirt,474,1899,75%,"S, M, L, XL",4,837
Harvard,Topwear,shirts,harvard men navy blue  red slim fit checked sustainable casual shirt,944,2099,55%,"38, 40, 42, 44",4,835
Roadster,Bottom Wear,jeans,roadster men blue skinny fit mid rise clean look stretchable jeans,934,1699,45%,"26, 28, 30, 32, 34, 36",4,834
WROGN,Topwear,tshirts,wrogn men burgundy solid polo collar slim fit t shirt,699,1399,50%,"S, M, L, XL, XXL",4,832
HRX by Hrithik Roshan,Bottom Wear,track-pants,hrx by hrithik roshan men navy melange solid regular fit bio wash lifestyle jogger,759,1899,60%,"S, M, L, XL, XXL",4,831
Hubberholme,Inner Wear &  Sleep Wear,lounge-pants,hubberholme men solid grey melange solid lounge pants,489,999,51%,"S, M, L, XL",3.9,830
HIGHLANDER,Bottom Wear,trousers,highlander men green tapered fit solid chinos,604,1549,61%,"30, 32, 34, 36",3.9,827
Purple State,Indian Wear,kurtas,purple state men maroon solid kurta,987,2599,62%,"S, M, L, XL, XXL, 3XL",4,824
INVICTUS,Bottom Wear,trousers,invictus men charcoal grey slim fit self design formal trousers,1199,2399,50%,"30, 32, 34, 36",4,823
DENNISON,Topwear,shirts,dennison men white comfort fit solid formal shirt,699,1999,65%,"38, 40, 42, 44",3.8,821
HIGHLANDER,Topwear,shirts,highlander men white  black slim fit striped casual shirt,499,1349,63%,"39, 40, 42, 44",4,817
Roadster,Bottom Wear,jeans,roadster men blue super skinny fit mid rise low distress stretchable jeans,799,1999,60%,"28, 30, 32, 34, 36",3.9,816
HRX by Hrithik Roshan,Bottom Wear,track-pants,hrx active by hrithik roshan men grey solid joggers,949,1899,50%,"XS, S, M, L, XL, XXL",3.8,810
Roadster,Bottom Wear,jeans,roadster men blue skinny fit mid rise clean look stretchable jeans,749,1499,50%,"28, 30, 32, 34, 36",3.8,808
Roadster,Bottom Wear,jeans,roadster men blue slim fit mid rise clean look jeans,839,1399,40%,"28, 30, 32, 34, 36",4,808
LOCOMOTIVE,Topwear,tshirts,locomotive men navy blue  sea green colourblocked polo collar t shirt,571,1299,56%,"S, M, L, XL",4,807
Roadster,Bottom Wear,jeans,roadster men navy blue skinny fit mid rise clean look stretchable jeans,854,1899,55%,"28, 30, 32, 34, 36",3.9,776
HIGHLANDER,Bottom Wear,jeans,highlander men grey tapered fit mid rise clean look jeans,681,1449,53%,"30, 32, 34, 36, 38",3.8,776
Roadster,Bottom Wear,jeans,roadster men grey skinny fit mid rise clean look stretchable jeans,944,2699,65%,"28, 30, 32, 34, 36",3.9,775
ether,Bottom Wear,jeans,ether men white slim fit jeans,1044,1899,45%,"28, 30, 32, 34, 36",3.7,775
Roadster,Bottom Wear,jeans,roadster men navy blue slim fit mid rise clean look stretchable jeans,899,1999,55%,"28, 30, 32, 34, 36",3.8,774
HRX by Hrithik Roshan,Bottom Wear,shorts,hrx by hrithik roshan men charcoal grey rapid dry lightweight dolphin running shorts,489,1399,65%,"28, 30, 32, 34, 36",3.8,774
HIGHLANDER,Bottom Wear,jeans,highlander men white slim fit mid rise clean look stretchable jeans,702,1899,63%,"30, 32, 34, 36, 38",3.9,773
HIGHLANDER,Bottom Wear,trousers,highlander men khaki slim fit joggers,775,1649,53%,"30, 32, 34, 36",4,772
Rigo,Bottom Wear,track-pants,rigo men black  white printed regular fit joggers,764,1699,55%,"M, L, XL, XXL",3.6,770
WROGN,Topwear,shirts,wrogn men navy slim fit printed casual shirt,1099,2199,50%,"39, 40, 42, 44, 46",4.1,967
WROGN,Topwear,tshirts,wrogn men olive green henley neck slim fit cotton pure cotton t shirt,959,1599,40%,"S, M, L, XL, XXL",4.1,961
Roadster,Topwear,tshirts,roadster men teal blue printed round neck pure cotton t shirt,449,899,50%,"XS, S, M, L, XL",4.1,961
WROGN,Topwear,shirts,wrogn men maroon  off white slim fit checked casual shirt,1319,2399,45%,"39, 40, 42, 44, 46",4.3,959
WROGN,Bottom Wear,jeans,wrogn navy slim fit low distressed stretchable jeans,1649,2999,45%,"28, 30, 32, 34, 36, 38",4.1,958
Chkokko,Topwear,tshirts,chkokko men black solid high neck t shirt,857,2765,69%,"S, M, L, XL, XXL, 3XL, 4XL, 5XL",4.3,947
U.S. Polo Assn.,Inner Wear &  Sleep Wear,briefs,us polo assn men pack of 2 black solid briefs y9i006 002 p2,492,518,5%,"S, M, L",4.3,941
Roadster,Topwear,shirts,roadster men olive pure cotton casual shirt,899,1999,55%,"38, 40, 42, 44",4.1,931
ether,Topwear,shirts,ether men black slim fit antimicrobial cotton stretch shirt,719,1599,55%,"38, 40, 42, 44",4.2,910
Anouk,Indian Wear,kurtas,anouk men maroon  beige printed straight short kurta,599,1499,60%,"S, M, L, XL, XXL",4.2,909
WROGN,Topwear,shirts,wrogn men rust orange checked slim casual shirt,1149,2299,50%,"39, 40, 42, 44, 46",4.1,909
U.S. Polo Assn.,Inner Wear &  Sleep Wear,briefs,us polo assn men assorted solid briefs i666 615 p1,265,279,5%,"S, M, L",4.1,893
Roadster,Topwear,tshirts,roadster men charcoal grey melange solid scoop neck pure cotton t shirt with racer back,274,499,45%,"XS, S, M, L, XL",4.2,893
Campus Sutra,Topwear,sweatshirts,campus sutra men mustard yellow printed hooded sweatshirt,730,1699,57%,"S, M, L, XL",4.3,891
Levis,Inner Wear &  Sleep Wear,socks,levis men set of 3 shoeliners,317,489,35%,Onesize,4.2,854
Roadster,Topwear,shirts,the roadster lifestyle co men black  olive green tartan checks checked cotton casual shirt,599,1499,60%,"38, 40, 42, 44, 46, 48",4.4,854
Campus Sutra,Sports Wear,tshirts,campus sutra men grey solid mandarin collar t shirt,515,1199,57%,"S, M, L, XL",4.3,843
HRX by Hrithik Roshan,Sports Wear,tshirts,hrx by hrithik roshan men grey solid high neck t shirt,899,1499,40%,"S, M, L, XL, XXL",4.3,842
Louis Philippe Sport,Topwear,tshirts,louis philippe sport men purple brand logo polo collar t shirt,719,1199,40%,"S, M, L, XL, XXL, 3XL",4.2,842
Roadster,Topwear,shirts,roadster men navy blue  brown checked sustainable casual shirt,719,1599,55%,"38, 40, 42, 44",4.2,841
Mast & Harbour,Topwear,shirts,mast  harbour men magenta  orange checked pure cotton sustainable casual shirt,1099,1999,45%,"38, 40, 42, 44",4.3,841
Roadster,Topwear,tshirts,roadster men burgundy all over print round neck t shirt,314,699,55%,"S, M, L, XL",4.3,840
Roadster,Bottom Wear,shorts,roadster men beige printed regular fit chino shorts,719,1599,55%,"28, 30, 32, 34, 36",4.5,839
Roadster,Topwear,shirts,roadster men black  red printed pure cotton sustainable casual shirt,559,1399,60%,"38, 40, 42, 44, 46, 48",4.3,839
HRX by Hrithik Roshan,Bottom Wear,track-pants,hrx by hrithik roshan men grey melange solid slim fit rapid dry running track pants,959,2399,60%,"S, M, L, XL, XXL",4.1,838
WROGN,Topwear,tshirts,wrogn men blue slim fit colourblocked round neck pure cotton t shirt,499,999,50%,"S, M, L, XL, XXL",4.4,834
HRX by Hrithik Roshan,Bottom Wear,track-pants,hrx by hrithik roshan white cotton athleisure track pants,679,1699,60%,"S, M, L, XL, XXL",4.3,833
Mast & Harbour,Inner Wear &  Sleep Wear,socks,mast  harbour men pack of 3 calf length socks,199,499,"60% , Hurry*",Onesize,4.4,833
Hubberholme,Bottom Wear,track-pants,hubberholme men black slim fit solid cargo joggers,659,1499,56%,"S, M, L, XL",4.1,832
Taavi,Indian Wear,kurtas,taavi men maroon  black bagru printed straight sustainable kurta with roll up sleeves,1149,2299,50%,"S, M, L, XL, XXL",4.3,832
WROGN,Inner Wear &  Sleep Wear,socks,wrogn men set of 3 above ankle socks,454,649,30%,Onesize,4.5,828
Campus Sutra,Topwear,sweatshirts,campus sutra men maroon solid hooded sweatshirt,730,1699,57%,"S, M, L, XL",4.1,828
WROGN,Topwear,shirts,wrogn men navy checked casual shirt,1149,2299,50%,"39, 40, 42, 44, 46",4.1,828
WROGN,Topwear,tshirts,wrogn men black solid slim fit polo collar pure cotton t shirt,714,1299,45%,"S, M, L, XL, XXL",4.3,827
VIMAL,Inner Wear &  Sleep Wear,lounge-pants,vimal men pack of 2 solid cotton lounge pants,988,1798,45%,"S, M, L, XL, XXL",4.1,826
HRX by Hrithik Roshan,Sports Wear,tshirts,hrx by hrithik roshan men teal blue printed round neck athleisure pure cotton t shirt,539,899,40%,"S, M, L, XL, XXL",4.2,826
LOCOMOTIVE,Topwear,shirts,locomotive men olive green slim fit solid casual shirt,593,1799,67%,"39, 40, 42, 44",4.1,826
HERE&NOW,Topwear,shirts,herenow men olive green slim fit solid casual shirt,1181,2149,45%,"38, 40, 42, 44, 46",4.3,826
HIGHLANDER,Topwear,shirts,highlander men beige slim fit solid casual shirt,587,1249,53%,"39, 40, 42, 44",4.1,825
NYAMBA By Decathlon,Bottom Wear,track-pants,nyamba by decathlon men navy blue fitness track pants,601,699,14%,"S, M, L, XL, XXL",4.1,824
HIGHLANDER,Bottom Wear,track-pants,highlander men navy blue solid slim fit track pants,441,849,48%,"S, M, L, XL",4.1,823
Hangup,Indian Wear,kurta-sets,hangup men black solid kurta with pyjamas,959,2999,68%,"M, L, XL, XXL",4.2,823
Campus Sutra,Topwear,shirts,campus sutra men white  blue striped casual shirt,749,1499,50%,"38, 40, 42, 44",4.3,823
Roadster,Topwear,jackets,roadster men blue solid denim jacket,874,3499,75%,"S, M, L, XL, XXL, 3XL",4.1,823
Roadster,Topwear,tshirts,roadster men navy blue  orange striped round neck t shirt,499,999,50%,"XS, S, M, L, XL, XXL, 3XL, 4XL",4.3,822
WROGN,Bottom Wear,jeans,wrogn men grey skinny fit mid rise clean look stretchable jeans,1679,2799,40%,"28, 30, 32, 34, 36, 38",4.2,820
WROGN,Bottom Wear,jeans,wrogn men blue slim fit mid rise clean look stretchable jeans,1379,2299,40%,"28, 30, 32, 34, 36, 38",4.1,820
Roadster,Topwear,tshirts,roadster men charcoal grey printed round neck t shirt,299,599,50%,"XS, S, M, L, XL, XXL, 3XL, 4XL",4.1,820
Levis,Inner Wear &  Sleep Wear,trunk,levis men pack of 2 solid pure cotton  trunks bb 100ca 2pk style 010 318,474,499,5%,"S, M, L, XL",4.3,819
Roadster,Topwear,tshirts,roadster men white  charcoal grey colourblocked polo collar pure cotton t shirt,714,1299,45%,"XS, S, M, L, XL, XXL, 3XL, 4XL",4.2,819
WROGN,Topwear,tshirts,wrogn men black printed round neck t shirt,349,699,50%,"S, M, L, XL, XXL",4.5,819
HERE&NOW,Topwear,tshirts,herenow men mustard yellow printed round neck pure cotton t shirt,314,699,55%,"S, M, L, XL",4.2,811
Roadster,Topwear,sweatshirts,roadster men navy blue solid sweatshirt,719,1799,60%,"S, M, L, XL, XXL, 3XL",4.2,810
Moda Rapido,Topwear,tshirts,moda rapido men black solid longline t shirt,439,1099,60%,"S, M, L, XL",4.1,809
Roadster,Topwear,tshirts,roadster men black solid round neck t shirt,274,499,45%,"XS, S, M, L, XL, XXL, 3XL, 4XL",4.2,809
Mast & Harbour,Bottom Wear,trousers,mast  harbour men beige slim fit chinos,799,1999,60%,"26, 28, 30, 32, 34, 36",4.2,808
HERE&NOW,Bottom Wear,track-pants,herenow men black solid regular fit joggers,719,1799,60%,"S, M, L, XL",4.1,808
See Designs,Indian Wear,kurtas,see designs men blue  white woven design straight kurta,989,2199,55%,"XS, S, M, L, XL",4.2,808
LOCOMOTIVE,Topwear,shirts,locomotive men black  off white slim fit printed casual shirt,549,1249,56%,"39, 40, 42, 44",4.3,808
Mast & Harbour,Topwear,shirts,mast  harbour men rust pink regular fit solid casual  linen cotton sustainable shirt,999,2499,60%,"38, 40, 42, 44",4.2,808
Roadster,Topwear,shirts,roadster men navy blue  grey micro check casual sustainable shirt,719,1599,55%,"38, 40, 42, 44",4.5,807
WROGN,Bottom Wear,shorts,wrogn men black solid regular fit shorts,799,1599,50%,"28, 30, 32, 34, 36",4.3,806
HRX by Hrithik Roshan,Sports Wear,tshirts,hrx by hrithik roshan men blue solid round neck rapid dry t shirt,494,1099,55%,"S, M, L, XL, XXL",4.2,804
HIGHLANDER,Topwear,shirts,highlander men navy blue  white slim fit striped casual shirt,443,1199,63%,"39, 40, 42, 44",4.3,804
Roadster,Topwear,shirts,roadster men black  green regular fit checked casual sustainable shirt,899,1499,40%,"38, 40, 42, 44",4.4,803
WROGN,Topwear,shirts,wrogn men burgundy  black slim fit checked casual shirt,1264,2299,45%,"39, 40, 42, 44, 46",4.4,803
WROGN,Topwear,tshirts,wrogn men mustard yellow printed slim fit round neck pure cotton t shirt,499,999,50%,"S, M, L, XL, XXL",4.3,803
Jack & Jones,Inner Wear &  Sleep Wear,briefs,jack  jones men olive green solid briefs 1955179048,209,349,40%,"S, M, L, XL",4.2,793
ether,Bottom Wear,trousers,ether men grey slim fit solid chinos,899,1999,55%,"28, 30, 32, 34, 36",4.2,791
Bushirt,Topwear,tshirts,bushirt men pack of 2 solid round neck pure cotton t shirts,659,1998,67%,"S, M, L, XL, XXL",4.2,791
HIGHLANDER,Bottom Wear,trousers,highlander men olive green tapered fit printed chinos,610,1649,63%,"30, 32, 34, 36",4.2,790
HRX by Hrithik Roshan,Sports Wear,sweatshirts,hrx by hrithik roshan men black solid hooded sweatshirt,824,1499,45%,"S, M, L, XL, XXL",4.1,790
Roadster,Topwear,tshirts,roadster men rust orange  black printed round neck t shirt,399,799,50%,"XS, S, M, L, XL, XXL, 3XL, 4XL",4.2,789
VIMAL,Inner Wear &  Sleep Wear,lounge-pants,vimal men pack of 2 navy blue solid lounge pants,988,1798,45%,"S, M, L, XL, XXL",4.1,788
WROGN,Topwear,sweatshirts,wrogn men maroon  navy blue colorblocked sweatshirt,959,2399,60%,"S, M, L, XL, XXL",4.1,788
Mast & Harbour,Topwear,tshirts,mast  harbour men navy self design round neck t shirt,319,799,60%,"S, M, L, XL",4.2,788
Quechua By Decathlon,Bottom Wear,shorts,quechua by decathlon men grey solid regular shorts,692,699,1%,"29, 31, 32, 34, 36, 41, 42, 48",4.2,787
WROGN,Bottom Wear,jeans,wrogn men white slim fit mid rise clean look stretchable jeans,1819,2799,35%,"28, 30, 32, 34, 36, 38",4.2,787
Harvard,Topwear,shirts,harvard men navy  green slim fit checked casual shirt,899,1999,55%,"38, 40, 42, 44",4.3,787
HRX by Hrithik Roshan,Sports Wear,tshirts,hrx by hrithik roshan men black  grey training regular fit t shirt,539,899,40%,"S, M, L, XL, XXL",4.4,786
Mast & Harbour,Topwear,shirts,mast  harbour men blue  black regular fit printed casual shirt,934,1699,45%,"38, 40, 42, 44",4.2,786
Roadster,Topwear,shirts,roadster men white regular fit printed sustainable casual shirt,779,1299,40%,"38, 40, 42, 44",4.3,785
WROGN,Topwear,tshirts,wrogn men maroon  charcoal grey slim fit striped round neck pure cotton t shirt,649,1299,50%,"S, M, L, XL, XXL",4.4,785
Mast & Harbour,Topwear,tshirts,mast  harbour men white  black printed polo collar t shirt,769,1399,45%,"S, M, L, XL",4.3,776
Campus Sutra,Topwear,sweatshirts,campus sutra men black solid hooded sweatshirt,730,1699,57%,"S, M, L, XL",4.1,776
Mast & Harbour,Topwear,shirts,mast  harbour men grey  white slim fit striped casual shirt,839,2099,60%,"38, 40, 42, 44",4.2,776
Allen Solly Sport,Topwear,sweatshirts,allen solly sport men red solid hooded sweatshirt,999,1999,50%,"S, M, L, XL, XXL, 3XL",4.6,129
Puma,Bottom Wear,shorts,puma men black solid essentials jersey sports shorts,844,1299,35%,"28, 30, 32, 34, 36, 38",4.6,127
Dynamocks,Inner Wear &  Sleep Wear,socks,dynamocks unisex multicoloured patterned calf length socks,299,399,25%,"UK4, UK5, UK6, UK7, UK8, UK9, UK10",4.7,127
Blackberrys,Bottom Wear,trousers,blackberrys men beige sharp regular fit self design regular trousers,1437,2395,40%,"30, 32, 34, 36, 38, 40",4.6,126
HIGHLANDER,Topwear,shirts,highlander men white  blue slim fit colourblocked casual shirt,554,1499,63%,"39, 40, 42, 44",4.6,126
IVOC,Inner Wear &  Sleep Wear,boxers,ivoc men pack of 2 printed pure cotton boxers,580,998,Rs. 418 ,"L, XXL, M, XL",4.6,125
Calvin Klein Underwear,Inner Wear &  Sleep Wear,trunk,calvin klein underwear men pack of 2 solid trunks nb2972jkq,2069,2299,10%,"S, M, L, XL",4.6,124
Levis,Bottom Wear,trousers,levis men olive green 512 slim tapered fit chinos trousers,1439,2399,40%,"28, 30, 32, 34, 36, 38, 40",4.7,123
XYXX,Inner Wear &  Sleep Wear,boxers,xyxx men   printed pack of 2 remix pure cotton boxer xybox2pckn141,695,898,Rs. 203 ,"S, M, L, XL, XXL",4.6,123
U.S. Polo Assn.,Inner Wear &  Sleep Wear,lounge-shorts,us polo assn men black solid lounge shorts,806,849,5%,"S, M, L",4.6,123
U.S. Polo Assn.,Topwear,tshirts,u s polo assn men navy blue embroidery detail polo collar pure cotton slim fit t shirt,1199,1599,25%,"S, M, L, XL, XXL, 3XL",4.7,123
U.S. Polo Assn.,Topwear,tshirts,us polo assn men red  white striped round neck pure cotton t shirt,1499,1999,25%,"S, M, L, XL, XXL, 3XL",4.6,123
Nike,Sports Wear,tshirts,nike men black brand logo printed as np df tight running t shirt,1345,1495,10%,"S, M, L, XL, XXL",4.6,113
NYAMBA By Decathlon,Sports Wear,tshirts,nyamba by decathlon men black solid round neck tank top 500,509,599,15%,"S, M, L, XL, XXL",4.6,112
Nautica,Topwear,tshirts,nautica men navy blue  red striped polo collar pure cotton t shirt,1539,2799,45%,"S, M, L, XL, XXL",4.6,112
Van Heusen Sport,Topwear,sweatshirts,van heusen sport men grey solid pullover sweatshirt,909,1299,30%,"S, M, L, XL, XXL",4.6,108
Calvin Klein Underwear,Inner Wear &  Sleep Wear,trunk,calvin klein underwear men grey melange solid low rise trunk nb2216080,1079,1199,10%,"S, M, L, XL",4.7,107
Sztori,Plus Size,shirts,sztori men plus size navy blue pure cotton chambray casual shirt,2014,3099,35%,"46, 48, 50, 52, 54",4.6,107
Puma,Sports Wear,sweatshirts,puma men black printed modern sports crew fl hooded sweatshirt,1814,3299,45%,"S, M, L, XL, XXL",4.7,106
Calvin Klein Underwear,Inner Wear &  Sleep Wear,trunk,calvin klein underwear men black solid low rise trunk nb2225001,1329,1399,5%,"S, M, L, XL",4.7,105
one8 x PUMA,Sports Wear,tshirts,one8 x puma red  grey virat kohli ms graphic printed t shirt,824,1499,45%,"S, M, L, XL, XXL",4.7,99
Nike,Sports Wear,tshirts,nike men white beach rollerblade cotton printed back pure cotton t shirt,897,1795,50%,"S, M, L, XL, XXL",4.7,99
PUMA Motorsport,Sports Wear,tshirts,puma motorsport men red printed ferrari race big shield round neck pure cotton t shirt,1624,2499,35%,"XS, S, M, L, XL, XXL",4.7,99
Allen Solly,Topwear,sweatshirts,allen solly men mustard yellow hooded sweatshirt,1249,2499,50%,"S, M, L, XL, XXL, 3XL",4.6,99
THE BEAR HOUSE,Topwear,shirts,the bear house men off white  green slim fit floral printed casual shirt,997,1995,50%,"38, 40, 42, 44, 46",4.6,93
Domyos By Decathlon,Bottom Wear,shorts,domyos by decathlon men blue abstract printed recycled polyester gym short,631,799,21%,"30, 32, 34, 37, 40",4.6,92
XYXX,Inner Wear &  Sleep Wear,boxers,xyxx men printed pack of 3 remix pure cotton boxer xybox3pckn138,919,1347,Rs. 428 ,"S, M, L, XL",4.8,92
Puma,Sports Wear,tshirts,puma men black band collar t shirt,899,1799,50%,"XS, S, M, L, XL, XXL",4.6,92
United Colors of Benetton,Bottom Wear,track-pants,united colors of benetton men black brand logo placement print pure cotton joggers,749,1499,50%,"S, M, L, XL",4.6,91
Jack & Jones,Topwear,shirts,jack  jones men blue regular fit striped casual sustainable shirt,1199,2999,60%,"38, 39, 40, 42, 44",4.6,91
Puma,Bottom Wear,shorts,puma men blue solid mid rise sports shorts,899,1799,50%,"28, 30, 32, 34, 36, 38, 40",4.6,90
Allen Solly,Topwear,sweatshirts,allen solly men lime green  navy blue colourblocked sweatshirt,849,1699,50%,"S, M, L, XL, XXL, 3XL",4.6,90
United Colors of Benetton,Topwear,tshirts,united colors of benetton men white brand logo printed pure cotton t shirt,649,999,35%,"S, M, L, XL, XXL, 3XL",4.6,90
Blackberrys,Bottom Wear,trousers,blackberrys men navy blue  white skinny fit checked regular trousers,1297,2595,50%,"28, 30, 32, 34, 36, 38, 40, 42, 44, 46",4.6,89
XYXX,Inner Wear &  Sleep Wear,briefs,xyxx men intellisoft antimicrobial micro modal pack of 3 shuffle briefs xybrf3pckn277s,799,899,Rs. 100 ,"S, M, L, XL",4.7,89
Jack & Jones,Inner Wear &  Sleep Wear,socks,jack  jones men blue solid shoe liners,206,229,10%,Onesize,4.6,89
Wrangler,Bottom Wear,jeans,wrangler men blue skinny fit low rise light fade jeans,2099,3499,40%,"28, 30, 32, 34, 36, 38, 40",4.6,86
Puma,Bottom Wear,shorts,puma men grey melange essentials jersey sports shorts,779,1299,40%,"28, 30, 32, 34, 36, 38",4.6,85
Puma,Inner Wear &  Sleep Wear,socks,puma unisex black solid ankle length socks,399,499,20%,UK2,4.8,85
Calvin Klein Underwear,Inner Wear &  Sleep Wear,trunk,calvin klein underwear white black solid low rise trunk nb2225100,1189,1399,15%,"S, M, L, XL",4.6,85
Mast & Harbour,Bottom Wear,shorts,mast  harbour men black corduroy pure cotton regular shorts,769,2199,65%,"28, 30, 32, 34, 36",4.6,84
TOM BURG,Bottom Wear,shorts,tom burg men set of 2 high rise pure cotton regular shorts,623,1598,61%,"28, 32, 34, 36, 38",4.6,84
XYXX,Inner Wear &  Sleep Wear,briefs,xyxx men intellisoft antimicrobial micro modal pack of 3 dynamo briefs xybrf3pckn184,799,897,Rs. 98 ,"S, M, L, XL",4.6,84
V Dot,Topwear,shirts,v dot men white slim fit solid party shirt,1699,1999,15%,"38, 39, 40, 42",4.6,83
Levis,Topwear,tshirts,levis men brown  white striped polo collar pure cotton t shirt,1919,2399,20%,"S, M, L, XL, XXL",4.6,83
THE BEAR HOUSE,Topwear,shirts,the bear house men blue  green slim fit checked casual shirt,1247,2495,50%,"38, 40, 42, 44, 46",4.6,83
Arrow,Topwear,tshirts,arrow men olive green  white striped polo collar t shirt,974,1499,35%,"S, M, L, XL, XXL, 3XL",4.6,77
THE BEAR HOUSE,Topwear,shirts,the bear house men blue  white slim fit striped formal shirt,1122,2495,55%,"38, 40, 42, 44, 46, 48",4.6,77
Mr Bowerbird,Bottom Wear,trousers,mr bowerbird men beige liberal fit pleated trousers,1319,3299,60%,"30, 32, 34, 36, 38",4.6,76
Pepe Jeans,Bottom Wear,jeans,pepe jeans men navy blue regular fit mid rise clean look jeans,2079,2599,20%,"30, 32, 34, 36, 38, 40",4.6,76
HIGHLANDER,Bottom Wear,trousers,highlander men khaki brown  olive green tapered fit printed chinos,577,1649,65%,"30, 32, 34, 36",4.6,76
Nautica,Topwear,tshirts,nautica men blue printed round neck slim fit t shirt,1099,1999,45%,"S, M, L, XL, XXL",4.6,76
Puma,Sports Wear,tshirts,puma men black  white striped polo collar cotton t shirt,1099,1999,45%,"XS, S, M, L, XL, XXL",4.7,74
Puma,Sports Wear,jackets,puma men black solid iconic t7 track sporty jacket,1999,4999,60%,"XXS, XS, S, M, L, XL, XXL",4.6,74
Nautica,Bottom Wear,shorts,nautica men beige solid slim fit regular shorts,1499,2999,50%,"30, 32, 34, 36, 38, 40",4.6,73
Dynamocks,Inner Wear &  Sleep Wear,socks,dynamocks unisex pack of 2 patterned beer  rickshaw calf length socks,351,799,56%,Onesize,4.6,73
DAMENSCH,Inner Wear &  Sleep Wear,lounge-shorts,damensch men white lounge shorts,699,799,Rs. 100 ,"S, M, L, XL, XXL",4.7,73
Nautica,Topwear,tshirts,nautica men navy blue slim fit solid polo collar t shirt,1299,2599,50%,"S, M, L, XL, XXL",4.6,73
House of Pataudi,Indian Wear,kurtas,house of pataudi men teal green woven design pure cotton rozana straight kurta,849,1699,50%,"S, M, L, XL, XXL",4.6,72
DAMENSCH,Inner Wear &  Sleep Wear,innerwear-vests,damensch men pack of 3 pure neo cotton innerwear vests dam ctn vest crw pbk tog,699,999,Rs. 300 ,"S, M, L, XL, XXL",4.7,72
WROGN,Bottom Wear,jeans,wrogn men blue slim fit light fade stretchable jeans,1039,2599,60%,"28, 30, 32, 34, 36, 38",4.6,69
U.S. Polo Assn.,Bottom Wear,trousers,us polo assn men navy blue slim fit solid regular trousers,1149,2299,50%,"30, 32, 34, 36, 38",4.6,69
XYXX,Inner Wear &  Sleep Wear,boxers,xyxx men printed pack of 3 remix pure cotton boxer xybox3pckn132,919,1347,Rs. 428 ,"S, M, L, XL",4.7,69
Puma,Sports Wear,sweatshirts,puma men yellow regular fit sweatshirt,1499,2499,40%,"XS, S, M, L, XL, XXL",4.6,69
ADIDAS,Sports Wear,tshirts,adidas men blue brand logo polo collar slim fit tennis freelift sustainable t shirt,2279,3999,43%,"XS, S, M, L, XL, XXL",4.6,69
Puma,Bottom Wear,track-pants,puma men black regular fit essential colourblock joggers,1049,3499,70%,"XXS, XS, S, M, L, XL, XXL",4.6,68
Mast & Harbour,Bottom Wear,shorts,mast  harbour men rust orange printed pure cotton regular shorts,604,1099,45%,"28, 30, 32, 34, 36",4.6,68
Allen Solly,Topwear,tshirts,allen solly men green printed round neck cotton t shirt,1359,1699,20%,"S, M, L, XL, XXL, 3XL",4.6,67
United Colors of Benetton,Topwear,tshirts,united colors of benetton men navy blue typography printed t shirt,899,1799,50%,"S, M, L, XL, XXL, 3XL",4.6,67
Bewakoof,Topwear,tshirts,bewakoof men black printed round neck pure cotton t shirt,464,499,Rs. 35 ,"S, M, L, XL, XXL, 3XL",4.6,67
Pepe Jeans,Bottom Wear,jeans,pepe jeans men blue regular fit mid rise clean look jeans,1449,2899,50%,"30, 32, 34, 36, 38",4.9,30
Louis Philippe,Bottom Wear,trousers,louis philippe men navy blue slim fit low rise formal trousers,1999,2499,20%,"30, 32, 34, 36, 38",4.8,30
Kappa,Bottom Wear,shorts,kappa men teal solid regular fit regular shorts,649,1299,50%,"26, 28, 30, 32, 34, 36",4.8,30
SWISS MILITARY,Inner Wear &  Sleep Wear,boxers,swiss military men white  grey printed pure cotton boxers bxm1251wht,595,1190,50%,"M, L, XL, XXL",4.8,30
People,Topwear,shirts,people men white  black regular fit printed casual shirt,659,1199,45%,"38, 39, 40, 42, 44, 46",4.8,30
United Colors of Benetton,Bottom Wear,shorts,united colors of benetton men black printed slim fit regular shorts,1299,2599,50%,"28, 30, 32, 34, 36, 38",4.8,29
Calvin Klein Underwear,Inner Wear &  Sleep Wear,trunk,calvin klein underwear men black  off white printed low rise trunks nb3066v5d,1119,1599,30%,"S, M, L, XL",4.8,29
Sztori,Plus Size,tshirts,sztori men plus size peach coloured pure cotton striped polo collar t shirt,849,1699,50%,"XXL, 3XL, 4XL, 5XL, 6XL",4.8,29
Being Human,Topwear,tshirts,being human men grey melange printed round neck t shirt,574,1149,50%,"S, M, L, XL, XXL",4.8,29
Kappa,Bottom Wear,shorts,kappa men navy blue self design regular fit regular shorts,899,999,10%,"28, 30, 32, 34, 36",4.9,27
Louis Philippe Sport,Bottom Wear,shorts,louis philippe sport men green slim fit regular shorts,1199,1999,40%,"30, 32, 34, 36, 38",4.8,27
Louis Philippe ATHPLAY,Bottom Wear,shorts,louis philippe athplay men grey solid slim fit sports shorts,899,1499,40%,"30, 32, 34, 36",4.8,27
Jack & Jones,Inner Wear &  Sleep Wear,boxers,jack  jones men grey  yellow printed pure cotton boxers 16883698,524,749,30%,"S, M, L, XL, XXL",4.9,27
Jack & Jones,Inner Wear &  Sleep Wear,boxers,jack  jones men blue  yellow lemon printed pure cotton boxers 16883694,524,749,30%,"S, M, L, XL, XXL",4.9,27
Puma,Bottom Wear,shorts,puma men teal blue run woollen 7 woven drycell running shorts,2099,3499,40%,"32, 30, 36, 34, 38, 28",4.9,26
Puma,Bottom Wear,track-pants,puma men black printed amplified joggers,2144,3299,35%,"S, M, L, XL, XXL",4.8,26
Louis Philippe Sport,Bottom Wear,shorts,louis philippe sport men blue self design slim fit regular shorts,1199,1999,40%,"30, 32, 34, 36, 38",4.8,26
Kuons Avenue,Indian Wear,kurtas,kuons avenue men navy blue denim solid straight kurta,1301,2099,38%,"M, L, XL, XXL, 3XL",4.8,26
XYXX,Inner Wear &  Sleep Wear,lounge-shorts,xyxx men navy blue cotton lounge shorts,849,999,Rs. 150 ,"S, M, L, XL",4.9,26
Puma,Bottom Wear,shorts,puma men olive green  black colourblocked evostripe drycell technology sports shorts,1949,2999,35%,"30, 32, 34, 36, 38",4.8,25
Mr Bowerbird,Bottom Wear,trousers,mr bowerbird men off white tailored fit solid regular trousers,1249,2499,50%,"28, 30, 32, 34, 36, 38",4.9,25
Louis Philippe Sport,Bottom Wear,shorts,louis philippe sport men blue self design slim fit regular shorts,1199,1999,40%,"30, 32, 34, 36, 38",4.8,25
Reebok,Bottom Wear,shorts,reebok men charcoal grey solid mid rise pure cotton training or gym sports shorts,831,1299,36%,"29, 31, 35, 38, 42, 46",4.8,25
Dynamocks,Inner Wear &  Sleep Wear,socks,dynamocks unisex pack of 2 printed above ankle length socks,476,700,32%,"UK4, UK5, UK6, UK7, UK8, UK9, UK10",4.9,25
Justice League,Inner Wear &  Sleep Wear,socks,justice league men pack of 3 assorted dc heroes patterned calf length socks,449,599,25%,Onesize,4.8,25
Puma,Inner Wear &  Sleep Wear,socks,puma unisex pack of 2 white  navy blue solid socks,399,499,20%,"UK6, UK8",5,25
RARE RABBIT,Bottom Wear,trousers,rare rabbit men pink slim fit joggers ,1799,2999,40%,"30, 32, 34, 36, 38",4.9,7
Solly Jeans Co.,Bottom Wear,jeans,solly jeans co men blue skinny fit jeans,1499,2999,50%,"28, 30, 32, 34, 36, 38, 40, 42, 44, 46, 48",4.9,7
Flying Machine,Bottom Wear,jeans,flying machine men navy blue straight fit mid rise clean look stretchable jeans,1449,2899,50%,"28, 36, 38, 40",4.9,7
Mufti,Bottom Wear,trousers,mufti men grey skinny fit solid formal trousers,1739,2899,40%,"28, 30, 32, 34, 36, 38, 40",4.9,7
DeFacto,Bottom Wear,jeans,defacto men blue comfort skinny fit low distress light fade stretchable jeans,2029,2899,30%,"28, 29, 30, 32, 34, 36",4.9,7
SPYKAR,Bottom Wear,jeans,spykar men grey relaxed fit low distress jeans,1819,2799,35%,"30, 31, 32, 33, 34, 36, 38",4.9,7
Aeropostale,Bottom Wear,jeans,aeropostale men grey super skinny fit mid rise mildly distressed stretchable jeans,1259,2799,55%,"28, 30, 32, 34, 36, 38",5,7
Llak Jeans,Bottom Wear,jeans,llak jeans men grey mid rise skinny fit heavy fade jeans,944,2699,65%,"28, 30, 32, 34, 36, 38",5,7
FUGAZEE,Bottom Wear,shorts,fugazee men black solid regular fit shorts with embroidered detailing,863,1799,52%,"28, 30, 32, 34, 36, 38",4.9,7
Slazenger,Bottom Wear,shorts,slazenger men green printed detail  rapid dry sports shorts,679,1699,60%,"26, 28, 30, 32, 34, 36",4.9,7
Breakbounce,Bottom Wear,shorts,breakbounce men olive green solid slim fit regular shorts,629,1499,58%,"28, 30, 32, 34, 36",4.9,7
Allen Solly Tribe,Bottom Wear,shorts,allen solly tribe men blue slim fit mid rise regular shorts,1049,1499,30%,"28, 30, 32, 34, 36, 38",5,7
DEYANN,Indian Wear,kurtas,deyann men yellow solid straight kurta,766,2190,65%,"S, M, L, XL, XXL, 3XL",4.9,7
Freehand,Indian Wear,kurtas,freehand men maroon  navy blue printed asymmetric kurta,758,2299,67%,"S, M, L, XL, XXL",5,7
